weight:	"[0.8, 0.1, 0.05, 0.5]"		
song name.	difficulty name	level	calculated level
DIABLOSIS::N?ga	extended	15	295.5722751
Úªô¢ª¤«¹«Ú?«¹«·«ã«È«ëªÇª³ª¤ª·ª¬Úªô¢ª¤ª¦ª¿	infinite	17	237.9955622
DIABLOSIS::N?ga	infinite	16	212.1293133
cross the future 	extended	15	203.7736463
«·«ç«Ã«È«¬«ó?«é«ô«¡?«º	extended	14	155.5345169
ª­ª¿ªµª¤ª¿ªÞ2000	infinite	19	154.4720416
A Lasting Promise	infinite	19	145.6277652
Lo-Fi-M	extended	14	145.4820954
ä²?Òý«¤«Î«»«ó«¹	extended	14	142.3137432
ELECT	challenge	8	132.3695613
NEO TREASON	extended	15	131.2119546
EMPIRE OF FLAME	extended	15	123.7268065
conflict	extended	15	113.3736405
Juggler's Maddness	infinite	18	107.4141381
The world of sound	infinite	18	105.7960402
iLLness LiLin	challenge	15	105.5054685
ä¢ú­«·«Æ«£«¢«ó«À?«°«é«¦«ó«É	extended	14	105.4888773
Fire Strike	infinite	17	104.0110771
Get back here	infinite	15	103.370892
Poison Blood	extended	14	100.5078705
«««ß«µ«Þ«Í«¸«Þ«­	infinite	15	99.53230421
«Û«áÙÞ¡Ù«»«ó«»?«·«ç«ó	extended	14	97.87660677
Get back here	extended	14	96.96131804
àÊúÅü£ûý SDVX edit	infinite	14	96.93984831
Emperor's Divide	extended	15	96.9086547
«Ö«Á«¢«²«É«¯«¿?¡Ù«Ï«¤«Æ«Ã«³ß²í«ØÙ	extended	14	96.18213168
iLLness LiLin	extended	17	95.93844979
«×«ì«¤«ó«¨«¤«¸«¢ -PHQ remix-	extended	14	95.45936152
«­«º«Ê	extended	13	95.32703212
úÂ?	extended	14	95.29913675
IKAROS DYNAMITE!!!!	extended	15	93.31354393
GO BACK 2 YOUR RAVE	extended	14	92.43328462
?ìÏ - Black Wings - SDVX Edit. -	extended	14	91.79334719
Inscape	infinite	17	89.54628128
ª¸ªå?ª¸ªå?¢¾?ë¿ªÎûýª«ªé«Õ«§«Ë«Ã«¯«¹£¡£¿¢¦î¢÷«ªÎ¢Ó÷©ûý?ª­¢¦	extended	15	89.5321429
Oriental Blossom	extended	14	87.54123221
«À«Ö«ë«é«ê«¢«Ã«È	extended	14	87.22982611
Enigma	challenge	12	86.1808498
ELECT	extended	14	85.83752094
macaron	extended	14	83.17103828
Last Resort	infinite	19	82.86798886
õ±êÆª·ªÆª·ªÞªÃª¿ù¨Ò³ªÈÐìªòßæªßÕªª·ª¿×âë¦	infinite	18	79.66523752
ô¶Ò´«Î×â	extended	13	79.3331691
TRICKL4SH 220	infinite	18	79.12474323
Jump!	extended	13	79.02729602
The star in eclipse	extended	15	78.24045657
I	infinite	20	76.89467419
StrayedCatz	infinite	15	76.30476663
«ª«ó«Ç«£?«ÌªÎ?	infinite	17	75.96804095
NEO TREASON	infinite	15	75.63239083
JULIAN	infinite	16	75.38938472
Time to Air -Fly High Remix-	extended	15	75.13583621
veRtrageS	light	6	74.74917132
Go¡éGo¡èGirls&Boys!	extended	14	74.71742776
¡é¡é¡é	extended	15	74.6978115
Innocent Eyes	challenge	8	74.47252183
Broken 8cmix	infinite	18	73.39762619
EOS -INFINITE EDIT-	infinite	14	72.58957667
ÔÔÛ°èí?ÙÓ ULTIMATE MEDLEY	extended	15	72.23618913
Onigo	infinite	18	72.04324327
Fin.ArcDeaR	infinite	19	72.01682565
Virtual Bit	extended	15	71.72904442
tricky trick	extended	15	71.67864045
ªÁª¯ªï«Ñ«Õ«§ªÀªè¡Ù£Ã£Ë£Ð	extended	14	71.64040275
INDEPENDENT SKY	infinite	15	71.40339754
Doppelganger	infinite	18	71.05056935
relegation grimoire	extended	13	70.79203417
Quietus Ray	infinite	19	70.68272918
Laughin' Muffin	extended	14	70.16216683
EMPIRE OF FLAME	light	6	69.84357059
EMPIRE OF FLAME	challenge	12	69.76909717
CODE -CRiMSON- 	infinite	15	69.45022872
Growth Memories	infinite	16	68.69077491
GRISAILLE	extended	14	68.62964649
KAC 2013 ULTIMATE MEDLEY -HISTORIA SOUND VOLTEX- Empress Side	infinite	19	68.36800322
«Á«ë«ÎªÈªÞªêªªªÎ«Ñ?«Õ«§«¯«Èªµªóª¹ª¦?ãø	extended	15	67.48046394
Ok!! Hug Me	infinite	15	67.14361382
XROSS INFECTION	infinite	16	66.87116416
«±«à«Þ«­ underground	infinite	17	66.13839022
MG277	challenge	12	65.79906527
Invitation from Mr.C	challenge	12	65.51314202
Cy-Bird	infinite	17	65.06553357
áðªÎá´Ò³	extended	14	64.81535257
Destroy	extended	14	64.63904097
«Û«áÙÞ¡Ù«»«ó«»?«·«ç«ó	challenge	9	64.21340176
Belly Flopper	challenge	10	63.49467323
ßÈù¾£¡£¡«¯«ê«¹«¿«é«¤«º?«·«ã?«Ù«Ã«È	extended	15	63.49033516
«¢«­«Í«¤«·«ç«ó	extended	15	63.29235187
Legendary Road	infinite	18	63.02657283
Next infection	challenge	10	63.02016126
INDEPENDENT SKY	challenge	9	62.91641751
?Endroll	extended	15	62.53485221
«×«ì«¤«ó«¨«¤«¸«¢ -PHQ remix-	challenge	10	62.51754034
HEAVENLY SMILE	infinite	17	61.2369216
Treasure	extended	13	60.97479018
shiningray	challenge	8	60.77690709
NEO GRAVITY	challenge	12	60.62673056
Deadly Dolly Dance	extended	15	60.50941545
SACRIFICE feat.ayame	infinite	18	60.36244876
eternita	extended	14	60.28257641
«Ç«å«¢«ë«á«â«ê	infinite	17	59.98753679
KAC 2013 ULTIMATE -HISTORIA SOUND VOLTEX- Empress Side	extended	19	59.61396437
conflict	challenge	12	59.46586731
iLLness LiLin	infinite	20	59.3722681
Poppin' Shower	infinite	16	59.17200896
ªßª¯ªßª¯ªËª·ªÆª¢ª²ªë¢Ü¡¼ª·ªÆªäªóªè¡½	extended	14	58.20576411
For UltraPlayers	infinite	19	56.8924166
F?fnir	infinite	17	56.74614572
Innocent Floor	challenge	12	56.52005076
WHITEOUT	infinite	20	56.3009549
Smooth Wind	extended	14	55.90922134
XROSS THE XOUL	infinite	15	55.33364494
shiningray	extended	13	54.74905312
Prelude-Hereafter-	extended	14	54.66032523
û¿ª­«È«­«á«­ªÈ«­«¹	extended	14	54.57916266
MG277	extended	15	54.48226202
Ok!! Hug Me	extended	15	54.04957969
Clash of swords	extended	15	53.93746841
Garakuta Doll Play	infinite	19	53.60223181
«µ«¤«Ð?«µ«ó«À?«µ«¤«À?	infinite	14	53.53414009
Follow up	extended	15	53.39480925
Appliqu?	infinite	15	53.09122043
ØþØÌô¸ÞÅ ¢Ó ªËª³ª­ªåªÃªÔªó	extended	14	53.02622195
ª±ªâªÎªÎªªª¦ª¸ªã¡Úªáª¦ªáª¦	infinite	17	52.13885494
Prayer	extended	15	52.00633122
ö¢ªê?ªµªìª¿Ú¸âú(Arranged:HiZuMi)	extended	13	51.95718458
Twin Blaster	extended	14	51.805359
NECRO PARTY	extended	14	50.86056214
Hellfire	infinite	15	50.78198697
Wish upon Twin Stars	infinite	15	50.66454637
Spirit of the Beast	infinite	18	50.53421416
LittleGameStar	infinite	15	50.31095865
Innocent Eyes	extended	13	50.29447615
Make Magic	infinite	18	50.22924404
The setting sun	extended	15	50.08723671
One & Only	extended	14	49.73269716
eternita	challenge	11	49.56736339
Scarlet Moon	challenge	10	49.49157305
Innocent Eyes	light	3	49.38817306
twilight signal	extended	14	49.26705368
ª¤?ª¢ªëªÕª¡ªóª¯ªéªÖ	infinite	14	49.25820997
«¦«¨«ó«ì«éªÎÞ¼ü¤	extended	15	49.19951405
Make Magic	extended	16	48.82628147
Rebellio	infinite	18	48.77842681
gigadelic (ª«ªáªêª¢'s ''The TERA'' RMX)	challenge	12	48.56773087
? -MAGMA-	infinite	17	48.33781616
«­«å«ê«ª«·«Æ«£	infinite	18	47.54453829
«É«¥«ó«¬«É«¥«ó«¬ÎÊãÌÍØ	extended	14	47.47400162
The willow and snow	extended	13	47.26752611
ªÏªïªï£÷£¡ªÊî÷ËÒªÃ£¡	infinite	15	47.02460139
Cloud 9	infinite	18	46.90195963
ô¶ËÔØ²?¡ÙÙíÙýð¹£¡	challenge	10	46.44596728
àäÒ³	extended	14	46.3728083
êÅÎÃ?Ùñ	infinite	16	46.30623887
Celestial stinger	extended	15	46.07528277
Next infection	extended	15	45.69776088
«Ê«¤«Õ	extended	14	44.90569543
Staring at star	infinite	19	44.83871813
FAKE STYLE II	extended	14	44.6942363
Destroy	infinite	15	44.53108131
HAVOX	extended	15	44.51261218
Nexta	infinite	18	44.21413856
Invitation from Mr.C	extended	15	43.12475009
Violet Soul	extended	14	43.06123781
Bangin' Burst	infinite	16	43.03666123
HiGHER	infinite	16	42.96879994
AYAKASHI	challenge	12	42.93509226
VOLTEXES IV	infinite	17	42.30929981
TRIGGER¡ÚHAPPY	challenge	10	42.18936121
Paradission	extended	15	41.99614566
All Clear!!	infinite	17	41.8553116
World's end	extended	15	41.7515451
odds and ends	infinite	15	41.55472148
cloud	infinite	17	41.54517619
NEO GRAVITY	extended	15	41.13561116
Ð¿?	extended	15	41.11721579
ª½ª·ªÆí¹ªÎü³ßÌÍØªÏîïªÆªòáôª±ìýªìªë	extended	15	40.7356963
PrincessªÉª¦ª«ªªêÃª¤!!	extended	14	40.67940685
REVOLVER	extended	15	40.61617942
XHAOS JUDGE	extended	15	40.52980968
MG277	light	6	40.51287816
VOLTEXES III	light	5	40.02057981
VISION	light	3	39.88185685
Russian Caravan Rhapsody	extended	14	39.86316519
ÑÑÚÚªêªÎÜñªò	infinite	18	39.76105046
S1CK_F41RY	extended	15	39.75639682
FLOWER	infinite	19	39.70225834
á¼ã÷	extended	15	39.62606299
Angels And Demons	extended	15	39.4076915
Parousia	extended	15	39.1893258
Enigma	extended	15	39.05953881
twilight signal	light	3	39.02442534
Hoshizora Illumination	infinite	17	38.99601643
The End of War	extended	15	38.96777471
False Cross	extended	15	38.96467979
VISION	challenge	8	38.95090505
«««¿«ë«·«¹ªÎêÅ	extended	14	38.86788184
gigadelic (ª«ªáªêª¢'s ''The TERA'' RMX)	extended	15	38.66407647
«Û?«ó«Æ«Ã«É¡Ú«á«¤«É«é«ó«Á	extended	15	38.6588773
 Heavenly Adventure	infinite	17	38.63714208
Ð¡ô¸	extended	15	38.61201696
BEAST BASS BOMB	infinite	18	38.52471883
archive::zip	extended	13	38.48330614
Boss Rush	infinite	18	38.47348887
Completeness Under Incompleteness	infinite	15	38.34102367
¡¸ª³ª³ªÊªÄ¡Ù¡¹ªÏÙÓªÎ«««¿«Á	extended	14	38.3369907
VISION	extended	13	38.21769988
Ultimate Fury	light	4	38.20091266
TRIGGER¡ÚHAPPY	infinite	15	38.18396483
World Vertex	infinite	15	37.97056414
«¢«Ê?«­?«¤«ó«¶àªÌØ	extended	15	37.95223455
XROSS INFECTION	extended	15	37.92675551
Last Battalion	infinite	15	37.88546993
Asian Chip City	light	4	37.79659771
¥ØVERSOUL	infinite	18	37.73456127
archive::zip	infinite	14	37.45442999
Next infection	light	4	37.13760379
«â«ó«¹«¿?«¹«È«é«¤«¯«á«É«ì? (SDVX REMIX)	extended	13	36.77974181
akasha-assembly	extended	15	36.62394492
Asian Chip City	challenge	10	36.55179709
Pieces	extended	12	36.42338085
Pon-Pon-Pompoko Dai-Sen-Saw!	extended	15	36.40166247
¥Á¥Ø	challenge	12	36.36122198
ðÈßäªÎòµÞ«ú¼Ñ¦	extended	14	35.78759531
ÕóÙ¥«¹«±«Ã«Á«Ö«Ã«¯	infinite	17	35.7680052
?clair au chocolat	infinite	15	35.76366472
Þ«ü£Õªç¨	extended	13	35.50535604
BLACK or WHITE?	infinite	16	35.37881216
Question.	extended	14	35.34053829
Ô´?ïÖÜ×Girls¡Ù	extended	13	35.22389456
Erlung	infinite	15	35.19230593
VOLTEXES II	extended	14	35.18709163
THUNDERCRACK	extended	15	34.92912633
«±«í¨ïdestiny	infinite	17	34.91061297
¥Á¥Ø	extended	15	34.74381992
B.B.K.K.B.K.K.	extended	15	34.62861648
Dualive	extended	15	34.50337603
Phantom Ensemble (ªæªóªæªó Remix)	extended	13	33.8963419
Ultimate Fury	challenge	10	33.76353934
{albus}	extended	15	33.69520922
Immortal saga	infinite	18	33.6526393
øïªÊªÊ¡ÙªÆª¹ªÈ«í«¤«ä?	extended	14	33.60434607
FIRE FIREªÏï³?«¹«¦«£«ó«°ªÎÙÓªòÌ¸ªëª«£¿	extended	14	33.49966512
veRtrageS	challenge	13	33.4775616
Milkyway - memorable -	extended	14	33.42781204
Boss Rush	extended	15	33.3071454
Blastix Riotz	extended	15	33.16986009
àäÒ³	challenge	11	33.13700078
GEOMETRIA	extended	15	33.11636237
CENSORED!!	extended	15	33.00841373
ã´ Annihilate!!	extended	15	32.98248025
Lord	infinite	16	32.91694525
Carry Me Away	infinite	17	32.86933453
Lachryma<<Re:Queen'M>>	extended	15	32.5002306
çµêÀªËú¹ª»ªËªÊªëÛ°Ûö¡¢Ì¸ªÄª±ªÞª·ª¿	infinite	18	32.3164846
Grand-Guignol	infinite	18	32.23759041
Pure Evil (Kobaryo FTN-Remix)	extended	15	32.1664339
Ùøæø ft. «Í«³«á«¢«ê	extended	13	32.13856294
«¦«¨«ó«ì«éªÎÞ¼ü¤	infinite	15	32.033863
JEHANNEDARC	extended	15	31.73842246
Inixia	infinite	15	31.72070123
INF-B¡¶L-aste-R¡·	extended	15	31.70791717
XROSS THE XOUL	extended	14	31.61017915
ON FIRE	light	4	31.40720763
öÔ?ªÎ«¹«Ú«·«ã«ë«×«ê«ó«»«¹«µ«ó«Ç?	extended	15	31.28758657
ü³ßÌªÎ«µ«Æ«é«¤«È	infinite	18	31.11546049
Ð¿?	infinite	19	30.98216748
ô¶Üâ?	infinite	15	30.93572888
Endless GRAVITY	extended	15	30.92682105
Din Don Dan (Fusion Remix)	extended	14	30.89681412
ªæª¦ª·ªãªÎªÕªæªäª¹ªß	extended	14	30.85616339
Scarlet Moon	extended	14	30.77588692
ðèªÈ?ªÈö¤ªÈ	extended	13	30.70303739
Prominence	extended	13	30.40360538
Monkey Business -Satire mix-	extended	14	30.34226801
World Vertex	extended	13	30.30441622
Fin.ArcDeaR	extended	17	30.20074663
Angelic Jelly	infinite	15	29.98880889
¥Á¥Ø	infinite	16	29.83804682
«í«¹«È«ï«óªÎ?ÍÖ	challenge	8	29.82225651
F.K.S.	challenge	11	29.73517481
Never Fails	extended	15	29.68554335
Scream out! (SDVX EDIT)	extended	14	29.58016787
Lachryma<<Re:Queen'M>>	infinite	16	29.57636569
«í«¹«È«ï«óªÎ?ÍÖ	infinite	15	29.5041956
Inixia	extended	14	29.44902406
Pet Peeve	extended	15	29.2475231
Lord	extended	15	29.19402517
Far Away	infinite	17	29.06394879
KHAMEN BREAK	challenge	11	29.0445158
fancy cake	infinite	16	28.97323197
õÌðûÐ¡õåØÙ«Õ«é«ó«É?«ë?S	challenge	11	28.86277403
MAGATORO	extended	15	28.8457322
Õáí­ªÎú­ªÎ«ê«ó«È«ô«ë«à	extended	15	28.80199322
HAELE III ~Angel Worlds~	infinite	15	28.76147225
Deadly force	infinite	19	28.49030491
?ª¤Ùíª­á¦ªÏìéÑ¢ªÎêÅç¯	extended	14	28.41330258
FLOWER	extended	15	28.2938126
KHAMEN BREAK	extended	16	28.16316436
SkyDrive!	extended	14	27.9825644
Everything but the Girl	extended	13	27.55841999
ûõªÎ?Ùñ	extended	15	27.37946319
bass 2 bass [Tracy vs. Astronomical Remix]	infinite	16	27.32920108
Lachryma<<Re:Queen'M>>	challenge	13	27.26959918
The Formula	infinite	18	27.19024006
Utopia	extended	14	27.18865825
JUGGLE	infinite	17	27.06414907
REVERSE LIMITED!(SDVX Edit)	extended	16	27.0516502
«á«¤«¬«¹«Ê«¤«È ¢¦ Arr.Demetori	extended	14	27.03903933
Wuv U (Colorful QT3 nekomix)	extended	14	26.81973886
shiningray	light	1	26.73332791
???ªìª·áóÔþªÈªÊªêªÆ¢¦? edition¢¦	extended	15	26.66345396
V.I.P	infinite	18	26.64106595
Ûéï¹Ôþ-vajra-	extended	15	26.58767092
??«¨«Ô«í?«°	extended	14	26.58271707
ï¾?ÖÃÓø	extended	15	26.53147222
Russet	extended	14	26.48047462
Lachryma<<Re:Queen'M>>	light	8	26.47127057
ú¹ª»ªËªÊªìªë?ª·«³«Þ«ó«Éª¬ª¢ªëªéª·ª¤	extended	15	26.43721475
New Days	extended	14	26.19441688
WHITEOUT	extended	18	26.18637829
«·«Î«Ó«·«Î«Î«á	infinite	16	26.15266291
Hustle Beat!!	extended	14	25.96845003
ON FIRE	challenge	8	25.84596074
«»«Ä«Ê«È«ê«Ã«×	infinite	17	25.82894196
àäÒ³	light	5	25.81447356
àøªÎÐï feat. ªéªÃª×ªÓªÈ	extended	14	25.80349635
REVERSE LIMITED!(SDVX Edit)	challenge	11	25.76491171
«Ï«Ê«Ó«é:«ê«ó«¯«¹	extended	14	25.72287515
?ñªªÏø¼ª¯ìÑÊàªÎêªªË	extended	15	25.57139014
Sayonara Planet Wars	challenge	12	25.47510832
VOLTEXES	extended	14	25.47428557
Deadly force	extended	17	25.31768361
Sephirot	infinite	15	25.31008704
Liminality	extended	14	25.26755527
èí?ª· -ª¢ªäª«ª·ª«ª¯ª·-	extended	14	25.26174338
I	extended	18	25.24387356
àäêÅü£ -ªµªïªïRemix-	extended	15	25.20266521
VOLTEXES	light	4	25.03531424
FIRE FIRE(Kazmasa Remix)	extended	15	24.94005563
Finally Dive	extended	14	24.78223019
INF-B¡¶L-aste-R¡·	light	6	24.55757836
Grand Chariot	infinite	15	24.44268407
«µ«¤«Ð?«µ«ó«À?«µ«¤«À?	light	1	24.34487814
Asian Chip City	extended	14	24.15110813
ú¹ª»ªËªÊªìªë?ª·«³«Þ«ó«Éª¬ª¢ªëªéª·ª¤	challenge	12	24.03694496
Sayonara Planet Wars	extended	15	23.89499277
ñÞÝáê¡ÔÑ	infinite	18	23.83684281
FIN4LE ¢¦ðûò­àÊªÎù¨Û°ªØ¢¦	infinite	20	23.79456369
0	extended	15	23.73867189
ECHO	light	4	23.69663682
Sweet Requiem	infinite	18	23.6444264
Twin Rocket	extended	15	23.60094121
«Ð«¤«Ê«ê«¹«¿?	extended	13	23.4304464
ELECT	light	3	23.22011357
Wuv U(pico/ustic rmx)	extended	14	23.13644706
AYAKASHI	extended	15	23.12607495
Gamerz FestivaL	infinite	18	23.08012936
Chocolate Planet	infinite	17	23.07533043
ÓÞéÔñµ«¹«Æ?«¸	infinite	16	23.03412318
Chlo?	extended	14	23.02268683
About me	extended	14	22.94138644
VOLTEXES III	extended	15	22.80726904
ò¢Û°óÜßæ¡Ù«Á«¯«ï«¯«Æ«£«¯«¹	extended	14	22.7516938
Cepheus	infinite	18	22.73219653
ERROR CODE	infinite	15	22.71390788
Le Fruit D?fendu	extended	14	22.66212506
ANTI THE¡ÄHOLiC	extended	15	22.50169208
conflict	light	5	22.32219185
Xepher Light and Darkness Dragon REMIX	challenge	9	22.21646982
âëÊà«É«ê«Ã«×¢ÜÝúÚÌªÎ«±?«­«»«Ã«È	extended	14	22.17456357
?Ø­ñ¼ëòÜÃ2014	extended	14	22.07444846
disco KAWAii	extended	13	21.99749402
Xepher Light and Darkness Dragon REMIX	light	5	21.89126886
M.A.Y.U.	extended	14	21.85705188
XROSS INFECTION	challenge	12	21.42071476
Quaint Echo	extended	15	21.33782344
TRIGGER¡ÚHAPPY	extended	13	21.33040885
«í«¹«È«ï«óªÎ?ÍÖ	extended	13	21.19240901
úÅùûÍíÜýÓÞàÁù¦	infinite	15	21.18139979
ECHO	extended	13	21.11515832
ìÑû¡î®÷÷ -THIRD IMPACT-	extended	15	21.11444048
Sourire	extended	14	21.086216
freaky freak	infinite	15	21.05650621
Xepher Light and Darkness Dragon Remix	infinite	15	21.02700195
«É«ê?«à«¨«ó«É?«µ«Ð«¤«Ð?	infinite	18	20.91439623
HAELE III ~Angel Worlds~	extended	14	20.88788632
«Ò«ß«Ä«À«¤«ä«ë	extended	14	20.88107076
éÉªë«Õ«£?«Ð?«í«Ü	extended	15	20.87392396
Pet Peeve	infinite	15	20.8739144
Triple Counter	infinite	15	20.79840451
KHAMEN BREAK	infinite	16	20.72724246
Issen	extended	14	20.27483002
ªÁª§ª¤ª¹ ª¤ªó ª¶ ªµªóª·ªãª¤ªó£¡£¡£¡	extended	14	20.19247064
Smoked Turkey Rag	infinite	17	20.0980793
VISION	infinite	14	20.06056384
Oriental Blossom	challenge	10	20.00474161
My name is TSUMABUKI	extended	14	19.99627196
õÌáÜõÌÍÔ«·«ã«Ã«¿?«¬?«ë	extended	14	19.98799811
Chocolate Planet	extended	15	19.9393978
Renegade Fruits	infinite	15	19.90968111
TRICKL4SH 220	extended	16	19.79610009
HE4VEN ¢¦ô¸?ªØªèª¦ª³ª½¢¦	infinite	20	19.74980935
-FIN4LE ¢¦ðûò­àÊªÎù¨Û°ªØ¢¦	extended	18	19.70450547
CUTIE¡ÙEX-DREAM	extended	15	19.61356559
Borealis	extended	15	19.39654099
êÅÌ¸å¨«é«Ó«Ã«È	extended	14	19.13308005
citrus	extended	14	19.06410064
VOLTEXES III	challenge	11	18.99269063
ØþªÓªËò¸ªë«¨«é«ó«×«·«¹	extended	13	18.98916558
Hyper¡ÙChipspace	extended	15	18.93981626
ON FIRE	extended	14	18.85758137
MERRiESTxHOLiC	extended	13	18.80557179
GERBERA	infinite	18	18.62504855
«É?«Ñ«ß«ó	extended	15	18.56677811
infinite;youniverse	infinite	17	18.47206152
«¤«ÖªÎãÁÓÛªÃ£¡	extended	13	18.4682083
«ê««?«·«Ö?«Õ«¡«ó«¯«·«ç«ó	extended	14	18.29212737
JUGGLE	extended	14	18.27629123
«²«­«Ä«¤«à«é«µ	extended	15	18.08191826
Dawn of Asia	infinite	15	17.99315454
crescent moon	extended	13	17.9652944
Mirrorwall	infinite	18	17.87432426
«È«ê«³«í?«ë?«À«¤«¢«ê?	extended	14	17.82684555
EGG	infinite	15	17.79819323
TWO-TORIAL	extended	17	17.65784908
â©êÅÌðü£ªÎ«³«Î«Æ?«·«ç«ó	extended	14	17.6089876
Beyond the Sandstorm	extended	14	17.56197599
choux ? la cr?me	infinite	15	17.45618591
ô¶ËÔØ²?¡ÙÙíÙýð¹£¡	extended	15	17.43611457
Innocent Floor	light	6	17.26359914
Nofram	extended	15	17.22539299
ancient garden	extended	14	17.18782692
Zero-Day Exploit	extended	15	16.92497185
VOLTEXES	challenge	10	16.82211746
cr?pe suzette	extended	14	16.7879074
KAC 2012 ULTIMATE MEDLEY -HISTORIA SOUND VOLTEX- 	challenge	12	16.71620385
HE4VEN ¢¦ô¸?ªØªèª¦ª³ª½¢¦	extended	17	16.47103346
Triple Counter	extended	15	16.38310201
Death Blossom	extended	14	16.26607958
«â«ó«¹«¿?«¹«È«é«¤«¯«á«É«ì? (SDVX REMIX)	challenge	7	16.1339621
Apex of the World	extended	15	16.05784808
World Vertex	challenge	10	16.04570438
eastward -sdvx edit-	extended	15	15.85602735
Twin Rocket	challenge	11	15.73623292
Voynich:Manuscript	extended	15	15.58066132
Borealis	challenge	11	15.56850347
«â«é«È«ê«¢«à«Î«ª«È	extended	13	15.2820153
VOLTEXES II	challenge	9	15.2153885
ñÓö¢Þ«ßÖ ¢¦ Lunatic Princess (Ryu¡ÙRemix)	extended	14	15.09178021
TU-MA-MI¡âALL-NIGHTER	extended	14	15.07190925
ü£«Îù»Ö§Ê°	extended	14	14.92565234
«µ«¤«Ð?«µ«ó«À?«µ«¤«À?	extended	13	14.86492727
Renegade Fruits	extended	14	14.64214217
Ò³åëç¨ªÎá¼ã÷	extended	13	14.62405193
Oriental Blossom	light	5	14.52963222
About me	challenge	7	14.38975312
About me	light	3	14.37733445
Gorgetech	infinite	18	14.02968093
Our Faith (takdrive remix)	extended	14	13.68900728
If	infinite	17	13.56901395
Øª×âÞÞªÏÓÞ?ªÊªâªÎªò?ªóªÇª¤ª­ªÞª·ª¿	extended	13	13.50080718
?ÍöªÈÎÃÙ¥ªÎ«Ç«£«¹«¯?«ë	extended	13	13.26543194
«Õ«é«Ã«¿?úÞßÚªÎ?ØÇªÈ?ìéò¦ú¾àõªÎÊïï×Öå	extended	14	13.20549514
äáå¨ÙñÓÎ? -ÝüÜ¡ªÈïÊªÎª¿ªáªÎmasquerade-	extended	14	13.02427057
Hyper¡ÙChipspace	challenge	9	12.74996782
Demise Quartet	extended	15	12.74255041
«®«ã«é«¯«·«£?«È«é«Ù«é?	extended	14	12.69363344
Dharma	infinite	17	12.42635546
Crazy ¡Ä nighT	extended	14	12.25343073
Never Regret Anything	extended	14	12.11300816
Our Faith (takdrive remix	challenge	10	11.76869459
Angels and Demons	challenge	10	11.62647978
Scene	challenge	10	11.52891057
Solitude & Nightmare	extended	14	11.50664097
Celestial stinger	infinite	15	11.48961034
«É?«Ñ«ß«ó	challenge	12	11.43930305
Scene	extended	13	11.29495437
Got more raves?	infinite	19	11.17539259
-å³áÖ-	extended	14	11.15920007
Pieces	challenge	8	10.62013677
Noisy Minority	infinite	18	10.61475868
Øª×âÞÞªÏÓÞ?ªÊªâªÎªò?ªóªÇª¤ª­ªÞª·ª¿	challenge	9	10.5258405
Never Let it End	extended	13	10.39338481
twilight signal	challenge	8	10.18733068
Chlo?	light	4	10.11265971
Angels and Demons	light	5	10.08484725
àÊúÅü£ûý SDVX edit	light	1	9.96462415
Chlo?	challenge	11	9.883778509
ECHO	challenge	8	9.845674192
The Wind of Gold -H¥ÄPPY MIX-	extended	14	9.611645748
õÌðûÐ¡õåØÙ«Õ«é«ó«É?«ë?S	extended	15	9.576744015
TRIGGER¡ÚHAPPY	light	5	9.52738658
Discover the Life	extended	14	9.380791831
Noisy Minority	extended	16	9.236819736
ÏÖªÈÜÒªÈª½ªÎÍöÛÜªÈ	extended	13	9.164330649
Enigma	light	6	9.088845718
«í«¹«È«ï«óªÎ?ÍÖ	light	3	9.045626534
ª¤?ª¢ªëªÕª¡ªóª¯ªéªÖ	extended	13	9.003531744
á´Ò´ªÏÍöªò?ªë Prog Piano Remix	challenge	9	8.997435098
Xepher Light and Darkness Dragon REMIX	extended	14	7.839682457
ûäªëõðªÎìí	extended	13	7.699252847
eternita	light	5	7.689894125
We Go Down	infinite	18	7.508685242
Scene	light	4	7.362030183
«µ«¤«Ð?«µ«ó«À?«µ«¤«À?	challenge	8	7.131448192
ÏÖªÈÜÒªÈª½ªÎÍöÛÜªÈ	challenge	9	6.945238689
ú¹ª»ªËªÊªìªë?ª·«³«Þ«ó«Éª¬ª¢ªëªéª·ª¤	light	6	6.879682865
Invitation from Mr.C	light	6	6.580129846
Belly Flopper	light	4	6.539403783
Hyper¡ÙChipspace	light	5	6.380941471
AYAKASHI	light	5	6.37262099
Our Faith (takdrive remix)	light	4	6.21382962
ª¤?ª¢ªëªÕª¡ªóª¯ªéªÖ	challenge	7	5.364299641
àÊúÅü£ûý SDVX edit	extended	11	5.335601632
Borealis	light	5	5.139260805
Øª×âÞÞªÏÓÞ?ªÊªâªÎªò?ªóªÇª¤ª­ªÞª·ª¿	light	4	5.004448271
World Vertex	light	4	4.83554388
F.K.S.	light	6	4.687137154
VOLTEXES II	light	3	4.421992264
INDEPENDENT SKY	light	5	4.409201147
ª¤?ª¢ªëªÕª¡ªóª¯ªéªÖ	light	3	4.387014568
Sayonara Planet Wars	light	6	4.172383182
Twin Rocket	light	5	3.807564942
àÊúÅü£ûý SDVX edit	challenge	6	3.453307579
ÏÖªÈÜÒªÈª½ªÎÍöÛÜªÈ	light	4	3.381307276
XROSS INFECTION	light	6	3.253034486
REVERSE LIMITED!(SDVX Edit)	light	5	3.228948416
õÌðûÐ¡õåØÙ«Õ«é«ó«É?«ë?S	light	5	2.457727818
«â«ó«¹«¿?«¹«È«é«¤«¯«á«É«ì? (SDVX REMIX)	light	2	1.434619967
á´Ò´ªÏÍöªò?ªë Prog Piano Remix	light	5	0.853263019
